name,price,category,colors,inventory,note,tag,inStock,images
Essentials Hoodie,75,Tops,"Washed Black: 3, Dark Oak: 2, Light Oak: 1","Washed Black: 3 in stock | Dark Oak: 2 in stock | Light Oak: LIMITED","Best seller this season",Best Item,TRUE,https://cdn-images.farfetch-contents.com/27/35/86/22/27358622_57322612_600.jpg|https://cdn-images.farfetch-contents.com/18/65/99/25/18659925_40518678_600.jpg
Essentials Shorts,45,Bottoms,"Washed Black: 5, Dark Oak: OUT","Washed Black: 5 in stock | Dark Oak: OUT OF STOCK",,"Available colors",TRUE,https://www.crepslocker.com/cdn/shop/products/Fear-Of-God-Essentials-Black-Shorts-_SS22_-Crepslocker-Front.jpg?v=1658163784|https://images.urbndata.com/is/image/UrbanOutfitters/82928409_009_m?$xlarge$&fit=constrain&qlt=80&wid=640
Essentials Uncuffed Sweatpants,60,Bottoms,"Washed Black: 4, Dark Oak: 2, Light Oak: 3","Washed Black: 4 | Dark Oak: 2 | Light Oak: 3","Great condition",New Arrival,TRUE,https://image.goat.com/transform/v1/attachments/product_template_additional_pictures/images/100/576/842/original/746243_01.jpg.jpeg?action=crop&width=750|https://i.ebayimg.com/images/g/NgYAAeSwqYJpWKC9/s-l1200.jpg
Essentials Sweatpants,65,Bottoms,"Black: 2, Dark Oak: 1, Light Oak: 2","Black: LIMITED (2 left) | Dark Oak: 1 | Light Oak: 2","Comfortable fit",,"TRUE",https://createfashionbrand.com/wp-content/uploads/2024/06/novo-2.webp
Polo T-Shirt,45,Tops,"Black Red: 6, Black White: 3, Grey: 2","Black Red: 6 in stock | Black White: 3 in stock | Grey: 2 in stock",,"Popular item",TRUE,https://images.asos-media.com/products/polo-ralph-lauren-large-player-logo-chest-stripe-heavyweight-t-shirt-in-black-red/208824895-5?$n_640w$&wid=513&fit=constrain|https://images.asos-media.com/products/polo-ralph-lauren-large-player-logo-chest-stripe-heavyweight-t-shirt-in-black-red/208824895-4?$n_640w$&wid=513&fit=constrain
Stussy T-Shirts,40,Tops,"Multiple colors available","Red: 2 | Blue: 3 | Black: 1","QC pics on request",,"TRUE",https://images.stockx.com/images/Stussy-x-Denim-Tears-501-Jean-Indigo-Product.jpg?fit=fill&bg=FFFFFF&w=700&h=500&fm=webp
Gallery Dept T-Shirt,70,Tops,"Black: 3, Grey: SOLD OUT","Black: 3 in stock | Grey: OUT OF STOCK","Send picture for QC",,"TRUE",https://images.stockx.com/images/Gallery-Dept-Centered-Logo-Hoodie-Black.jpg?fit=fill&bg=FFFFFF&w=1200&h=857&q=60&dpr=1&trim=color|https://images.stockx.com/images/Gallery-Dept-Flames-Hoodie-Black.jpg?fit=fill&bg=FFFFFF&w=480&h=320&q=60&dpr=1&trim=color
Bathing Ape T-Shirt,35,Tops,"Black: 4, Red: 2, White: 1","Black: 4 | Red: 2 | White: 1 LEFT","Contact for sizing",,"TRUE",https://uk.bape.com/cdn/shop/files/001TEK701309_BLK_A.jpg?v=1727970912&width=1200|https://uk.bape.com/cdn/shop/files/001CSJ801010_RED_A.jpg?v=1750757026&width=1200
Balenciaga x Lamborghini Shirt,110,Tops,"Black only","Only Black available | LIMITED STOCK","Rare piece",,"TRUE",https://images.stockx.com/images/Balenciaga-Automobil-Lamborghini-Oversized-Soccer-T-shirt-Black.jpg?fit=fill&bg=FFFFFF&w=1200&h=857&q=60&dpr=1&trim=color|https://www.mrporter.com/variants/images/46376663162909067/in/w2000_q60.jpg
Bape Hoodies,90,Tops,"Grey: 2, Blue: 3, Red: 1, Pink: SOLD OUT","Grey: 2 | Blue: 3 | Red: 1 | Pink: SOLD OUT","Best Bape on market","Best Bape Rep",TRUE,https://uk.bape.com/cdn/shop/files/001ZPK701005_GRA_B.jpg?v=1732123147&width=1200|https://images.stockx.com/images/BAPE-Fire-Camo-Shark-Full-Zip-Hoodie-Blue.jpg?fit=fill&bg=FFFFFF&w=700&h=500&fm=webp
Gallery Dept Hoodies,80,Tops,"Black: 2, Grey: 1","Black: 2 in stock | Grey: 1 in stock","Excellent quality",,"TRUE",https://images.stockx.com/images/Gallery-Dept-Flames-Hoodie-Black.jpg?fit=fill&bg=FFFFFF&w=480&h=320&q=60&dpr=1&trim=color|https://images.stockx.com/images/Gallery-Dept-Centered-Logo-Hoodie-Black.jpg?fit=fill&bg=FFFFFF&w=1200&h=857&q=60&dpr=1&trim=color
Chrome Hearts Long Sleeve,65,Tops,"Black: 3","Black: 3 available | Send pic for QC","Best Chrome rep","Top Item",TRUE,https://www.oakshop.ca/cdn/shop/products/Chrome-Hearts-Floral-Cross-L-S-T-shirt-Black_jpg.webp?v=1759468060|https://maisonguava.com/cdn/shop/files/ce9b8b0f46c24318f3e419e42d5a0cdf.webp?v=1746201237&width=1080
SP5DER Hoodies,80,Tops,"Black: 2, Grey: 1","Black: 2 | Grey: LIMITED 1","Awesome quality",,"TRUE",https://images.stockx.com/images/Sp5der-OG-Web-Hoodie-Black-ProductX.jpg?fit=fill&bg=FFFFFF&w=480&h=320&q=60&dpr=1&trim=color|https://image.made-in-china.com/2f0j00MnkBiQtGvYqE/Sp5der-Hoodies-Web-Graphic-Hoodie-with-Spider-Print-Street-Ready-Sweatshirt.jpg
Denim Tears Hoodie & Pants Set,160,Tops,"Black: 1, Blue: 1, Pink: SOLD OUT","Black: 1 LAST ONE | Blue: 1 | Pink: OUT OF STOCK","Complete set, excellent",,"TRUE",https://cdn-images.farfetch-contents.com/22/46/90/60/22469060_52374270_1000.jpg|https://cdn.shopify.com/s/files/1/0640/3846/9846/files/Denim-Tears-Cotton-Wreath-Hoodie-Black-Monochrome_1.webp?v=1737097545
SyNAH Shorts & Shirt Set,75,Tops,"Black: 2, Pink: 1, Grey: 3, Blue: 1","Black: 2 | Pink: 1 | Grey: 3 | Blue: 1","Full set ready",,"TRUE",https://cdn.shopify.com/s/files/1/0603/3031/1875/files/main-square_d62ec801-4c25-41b9-bc01-1626b74cedde.jpg?v=1716370214
Chrome Hearts Shirt Set,110,Tops,"Black: 1","Black: 1 available only","Rare item",,"TRUE",https://www.oakshop.ca/cdn/shop/products/Chrome-Hearts-Floral-Cross-L-S-T-shirt-Black-2_jpg.webp?v=1744321030&width=480
Denim Tears Shorts,55,Bottoms,"Black: 2, Blue: 1","Black: 2 | Blue: LIMITED 1","QC pics available",,"TRUE",https://images.stockx.com/images/Denim-Tears-The-Cotton-Wreath-Shorts-Black-Product.jpg?fit=fill&bg=FFFFFF&w=480&h=320&q=60&dpr=1&trim=color|http://balazskicks.com/cdn/shop/files/Screenshot2025-07-22at13.10.50.png?v=1753182703&width=2048
Hellstar Shorts,70,Bottoms,"Black: 4, Pink: 2","Black: 4 in stock | Pink: 2 in stock",,"Nice condition",TRUE,https://image.goat.com/transform/v1/attachments/product_template_additional_pictures/images/101/834/337/original/1442084_01.jpg.jpeg?action=crop&width=750|https://img4.dhresource.com/webp/m/0x0/f3/albu/km/s/30/2a15a49a-f26b-4477-859d-e60c8060bc4d.jpg
Bape Shorts,60,Bottoms,"Grey: 3, Pink: 1, Blue: 2, Black: 1","Grey: 3 | Pink: 1 LEFT | Blue: 2 | Black: 1",,"Available colors",TRUE,https://uk.bape.com/cdn/shop/files/001SPL231902_GRN_A.jpg?v=1744369027&width=800|https://us.bape.com/cdn/shop/files/001SPK231901_GRN_A.jpg?v=1711568986&width=800
Polo Shorts,35,Bottoms,"Black: 5, White: 2, Blue: 3","Black: 5 | White: 2 | Blue: 3",,"In stock",TRUE,https://cms.brnstc.de/product_images/680x930_retina/cpro/media/images/product/24/7/100106794611000_0_1720172123625.jpg|https://cms.brnstc.de/product_images/680x930_retina/cpro/media/images/product/25/4/100282500811000_0_1744905844124.jpg
Purple Jeans,150,Bottoms,"Indigo: 1","Indigo: ONLY 1 PAIR LEFT | Rare",,"Send pic for details",TRUE,https://elliebelle.com/cdn/shop/files/25a-purple-brand-p018wlic823lt-indigo22p.jpg?v=1765245695|http://cncpts.com/cdn/shop/articles/Purple_Brand_SS21_Blog_88224555-aee6-4344-a5cb-7a0f1c604bfb.jpg?v=1678933164
Chrome Hearts Jeans,115,Bottoms,"Black: 2, Grey: 1","Black: 2 | Grey: 1 in stock",,"Great fit",TRUE,https://shengliroadmarket.com/cdn/shop/files/chrome-hearts-black-grey-silver-cross-patch-jeans-7853076.jpg?v=1763710603&width=1080
Stussy Jeans,90,Bottoms,"Indigo: 2","Indigo: 2 in stock",,"Comfortable",TRUE,https://images.stockx.com/images/Stussy-x-Denim-Tears-501-Jean-Indigo-Product.jpg?fit=fill&bg=FFFFFF&w=700&h=500&fm=webp
Balenciaga Tracks,200,Shoes,"Black: 1, White: 1","Black: 1 LEFT | White: 1 LEFT","Rare sneakers",,"TRUE",https://images.stockx.com/images/Balenciaga-Track-Black-2021-Product.jpg?fit=fill&bg=FFFFFF&w=700&h=500&fm=webp|https://cdn.shopify.com/s/files/1/0603/3031/1875/files/main-square_d62ec801-4c25-41b9-bc01-1626b74cedde.jpg?v=1716370214
Balenciaga Fur Slides,85,Shoes,"White: 2, Pink: 1, Grey: 3, Black: 2","White: 2 | Pink: 1 | Grey: 3 | Black: 2",,"Comfy",TRUE,https://is4.fwrdassets.com/images/p/fw/zs/BALF-WZ693_V1.jpg|https://images.stockx.com/images/Balenciaga-Furry-Slide-Blue-Product.jpg?fit=fill&bg=FFFFFF&w=700&h=500&fm=webp
Jordan 4's,130,Shoes,"Black: 2, White: 1","Black: 2 in stock | White: 1 in stock","QC pics available",,"TRUE",https://static.nike.com/a/images/w_1280,q_auto,f_auto/pbqbsgh65wqrzcipqrvq/air-jordan-4-retro-white-cement-grey-release-date.jpg|https://static.nike.com/a/images/t_prod_ls/w_1920,c_limit/uuivavbco2mqrxwwlfyj/air-jordan-4-retro-white-cement-grey-release-date.jpg
Yeezy Slides,75,Shoes,"Black: 3, Beige: 2","Black: 3 in stock | Beige: 2 in stock","Popular",,"TRUE",https://cdn.shopify.com/s/files/1/0603/3031/1875/products/main-square_0754cf4b-760d-4826-9e48-9296fb3d84d2.jpg?v=1694772197
Lacoste Bracelet,35,Accessories,"Silver: 5, Gold: 2","Silver: 5 | Gold: 2",,"In stock",TRUE,https://lacoste.com.ph/media/catalog/product/cache/32cb44d7c9e06a2a6627a984273078d8/j/l/jl017b_041_01.jpg|https://m.media-amazon.com/images/I/41xhl4z7CCL._AC_SY300_.jpg
LV Belt + Wallet Set,100,Accessories,"Damier: 2, Monogram: 1","Damier: 2 | Monogram: 1","Complete set",,"TRUE",https://aonebrandsdubai.com/cdn/shop/files/64f71cf6-ee94-42f4-b007-fdedee14bd0c.jpg?v=1721676604&width=1445|https://5.imimg.com/data5/ANDROID/Default/2025/11/560107840/PM/DE/XL/229748677/product-jpeg.jpg
Gucci Belt + Wallet Set,100,Accessories,"Black: 1, Brown: 2","Black: 1 | Brown: 2",,"Ready",TRUE,https://img.freeup.app/fit-in/600x600/filters:upscale()/e8c5febd68bcd0f080cdb108370b0b92.jpg|https://img.freeup.app/fit-in/600x600/filters:upscale()/00e2c5ce7ba408ceb93ef2f56ca1407c.jpg
Chrome Heart Glasses,40,Accessories,"Gold: 3, Silver: 1","Gold: 3 | Silver: 1 LEFT",,"Available",TRUE,https://milnyparlon.com/wp-content/uploads/2024/06/Chrome-Hearts-Gold-Floral-Cross-Rimless-Sunglasses-1.jpg|https://milnyparlon.com/wp-content/uploads/2024/06/Chrome-Hearts-Gold-Floral-Cross-Rimless-Sunglasses-3.jpg
LV Sunglasses,75,Accessories,"Gold: 1","Gold: 1 ONLY","QC pics",,"TRUE",https://us.louisvuitton.com/images/is/image/lv/1/PP_VP_M/louis-vuitton--Z1165E_PM2_Front%20view.jpg?wid=750&hei=870
Amiri Belt,70,Accessories,"Gold: 2, Silver: 1","Gold: 2 | Silver: 1","QC available",,"TRUE",https://images.stockx.com/images/AMIRI-Core-Logo-Buckle-Belt-Black-Black-Gold-tone.jpg?fit=fill&bg=FFFFFF&w=700&h=500&fm=webp|https://louisemporium.com/wp-content/uploads/2024/05/photo_2024-05-11_12-58-04.jpg
Burberry Belts,35,Accessories,"Black: 4, Beige: 3","Black: 4 | Beige: 3",,"In stock",TRUE,https://assets.burberry.com/is/image/Burberryltd/A45116C1-0D3F-4C0E-AE24-652BC4A29524?$BBY_V3_SL_1$&wid=1501&hei=1500|https://assets.burberry.com/is/image/Burberryltd/9E5023C5-A64E-4DE9-86E3-7F9BDFBE1858?$BBY_V3_SL_1$&wid=1501&hei=1500
Chrome Hearts Bracelet,30,Accessories,"Silver: 3, Gold: 1","Silver: 3 | Gold: 1",,"Available",TRUE,https://i.ebayimg.com/images/g/iC4AAeSwvR5oxYWU/s-l1200.jpg
Valentino 100ml,100,Fragrances,"Full bottles: 2, Testers: 1","Bottles: 2 | Testers: 1",,"In stock",TRUE,https://fimgs.net/mdimg/perfume-thumbs/375x500.55963.jpg|https://cdn.salla.sa/DGdDlG/cbe4adc2-b8e7-4a7a-aaa5-02933f314d81-1000x1000-eUeCrhgUTNr9QzHnQdjhmfZNeH8LRqWtgUsrJl6Y.jpg
Baccarat Rouge 70ml,150,Fragrances,"Full: 1, Tester: 1","Full: 1 LEFT | Tester: 1","Rare",,"TRUE",https://www.franciskurkdjian.com/dw/image/v2/BJSB_PRD/on/demandware.static/-/Sites-mfk-master-catalog/default/dwbb692f8f/BR540_KV3_ALL_triptych_square_1080x1080.png?sw=500&sh=500&sfrm=jpg&q=85&strip=true|https://www.franciskurkdjian.com/dw/image/v2/BJSB_PRD/on/demandware.static/-/Sites-mfk-master-catalog/default/dw347e967d/BR540_FAMILLE_EDP_ALL_triptych_square_1080x1080.png?sw=500&sh=500&sfrm=jpg&q=85&strip=true
Stronger With You 100ml,100,Fragrances,"Bottles: 3","Bottles: 3 in stock",,"Available",TRUE,https://www.giorgioarmanibeauty-usa.com/on/demandware.static/-/Sites-armani-us-Library/default/dwd2ea20a7/images/pdp/3614272225718_alt1a.jpg
AirPods Gen 4,85,Tech,"White: 2, Black: 1","White: 2 | Black: 1 in stock",,"In stock",TRUE,https://cdsassets.apple.com/live/7WUAS350/images/tech-specs/121203-airpods-4.png|https://media.johnlewiscontent.com/i/JohnLewis/112608751?fmt=auto&$background-off-white$
